Instância,No de Soluções Mínimas,Menor dR,Menor tR,Tempo CPU (ms)
kroAxkroB100,3,"(136151, 156738)","(155920, 144455)",700.2625465393066
kroAxkroC100,7,"(149754, 177578)","(165627, 146694)",732.017993927002
kroAxkroD100,5,"(147151, 155119)","(182115, 137058)",699.2435455322266
kroBxkroC100,3,"(141319, 155402)","(164152, 148273)",3587.6011848449707
kroBxkroD100,10,"(146408, 173925)","(172331, 137604)",691.3559436798096
kroCxkroD100,8,"(146525, 170424)","(154080, 143084)",683.2559108734131
kroAxkroB150,6,"(225804, 249099)","(250642, 226135)",2225.064277648926
